{"ARG": [71, "de", "ar", 0.00520833, null], "BRA": [74, "de", "br", 0.0847826, null], "CAN": [75, "de", "ca", 0.0446809, null], "CHN": [76, "de", "cn", 0.0255102, null], "CUB": [77, "de", "cu", 0.166316, null], "HKG": [78, "de", "hk", 0.0922222, null], "IND": [73, "de", "in", 0.0966667, null], "MEX": [79, "de", "mx", 0.0510417, null], "RUS": [72, "de", "ru", 0.0655172, null], "USA": [80, "de", "us", -0.0043956, null]}