{"ARG": [11, "ru", "ar", 0.015, null], "BRA": [13, "ru", "br", -0.03125, null], "CAN": [14, "ru", "ca", -0.0425287, null], "CHN": [15, "ru", "cn", -0.0182796, null], "CUB": [16, "ru", "cu", -0.00816326, null], "DEU": [17, "ru", "de", -0.0040404, null], "HKG": [18, "ru", "hk", 0.190278, null], "IND": [12, "ru", "in", -0.00106383, null], "MEX": [19, "ru", "mx", 0.0575758, null], "USA": [20, "ru", "us", -0.038, null]}